FECHA_BALANCE,CODIGO_CUENTA,Título_Nombre,Subtítulo_Nombre,Ítem_Nombre,Asignación_Nombre,Denominación_Cuenta_Base,PRESUPUESTO_INICIAL,PRESUPUESTO_VIGENTE,SALDO_PRESUPUES.,DEVENGADO_PARCIAL,DEVENGADO_ACUMULADO,PERCIBIDO_PARCIAL,PERCIBIDO_ACUMULADO,%_ACUMULADO,POR_PERCIBIR_A_LA_FECHA
31/03/2025,115-03-01-001-001-001,INGRESO PRESUPUESTARIO,TRIBUTOS SOBRE EL USO DE BIENES Y REALIZ. DE ACTIV,PATENTES Y TASAS POR DERECHO,PATENTES MUNICIPALES,PATENTES MUNICIPALES FUERA DE ROL,500000000,500000000,317331283,33198665,182668717,33198665,182668717,37.0,0
31/03/2025,115-03-01-001-001-002,INGRESO PRESUPUESTARIO,TRIBUTOS SOBRE EL USO DE BIENES Y REALIZ. DE ACTIV,PATENTES Y TASAS POR DERECHO,PATENTES MUNICIPALES,PATENTES MUNICIPALES ENROLADAS,4265000000,4265000000,2475858257,0,1789141743,42336389,1541616288,36.0,247525455
31/03/2025,115-03-01-001-001-003,INGRESO PRESUPUESTARIO,TRIBUTOS SOBRE EL USO DE BIENES Y REALIZ. DE ACTIV,PATENTES Y TASAS POR DERECHO,PATENTES MUNICIPALES,PATENTES PRIMER SEMESTRE,0,0,0,0,0,0,0,,0
31/03/2025,115-03-01-001-001-004,INGRESO PRESUPUESTARIO,TRIBUTOS SOBRE EL USO DE BIENES Y REALIZ. DE ACTIV,PATENTES Y TASAS POR DERECHO,PATENTES MUNICIPALES,REMATE PATENTES ALCOHOLICAS                       ,0,0,0,0,0,0,0,,0
31/03/2025,115-03-01-001-001-005,INGRESO PRESUPUESTARIO,TRIBUTOS SOBRE EL USO DE BIENES Y REALIZ. DE ACTIV,PATENTES Y TASAS POR DERECHO,PATENTES MUNICIPALES,PATENTES MINERAS                                  ,0,0,0,0,0,0,0,,0
31/03/2025,115-03-01-001-001-006,INGRESO PRESUPUESTARIO,TRIBUTOS SOBRE EL USO DE BIENES Y REALIZ. DE ACTIV,PATENTES Y TASAS POR DERECHO,PATENTES MUNICIPALES,B.N.U.P. ENROLADOS                      ,30000000,30000000,14200696,15317,15799304,2030149,8137589,27.0,7661715
31/03/2025,115-03-01-001-001-007,INGRESO PRESUPUESTARIO,TRIBUTOS SOBRE EL USO DE BIENES Y REALIZ. DE ACTIV,PATENTES Y TASAS POR DERECHO,PATENTES MUNICIPALES,B.N.U.P. NO ENROLADOS                             ,5000000,5000000,4956938,39936,43062,39936,43062,1.0,0
31/03/2025,115-03-01-001-001-008,INGRESO PRESUPUESTARIO,TRIBUTOS SOBRE EL USO DE BIENES Y REALIZ. DE ACTIV,PATENTES Y TASAS POR DERECHO,PATENTES MUNICIPALES,CONVENIOS PATENTES MUNICIPALES          ,0,0,0,0,0,0,0,,0
31/03/2025,115-03-01-001-001-009,INGRESO PRESUPUESTARIO,TRIBUTOS SOBRE EL USO DE BIENES Y REALIZ. DE ACTIV,PATENTES Y TASAS POR DERECHO,PATENTES MUNICIPALES,PATENTE PROVISORIA,0,0,-1643848,471868,1643848,471868,1643848,,0
31/03/2025,115-03-01-001-002-000,INGRESO PRESUPUESTARIO,TRIBUTOS SOBRE EL USO DE BIENES Y REALIZ. DE ACTIV,PATENTES Y TASAS POR DERECHO,PATENTES MUNICIPALES,DE BENEFICIO FONDO COMUN,0,0,0,0,0,0,0,,0
31/03/2025,115-03-01-002-001-000,INGRESO PRESUPUESTARIO,TRIBUTOS SOBRE EL USO DE BIENES Y REALIZ. DE ACTIV,PATENTES Y TASAS POR DERECHO,DERECHOS DE ASEO,EN IMPUESTO TERRITORIAL,1700000000,1700000000,1406571516,51620767,293428484,51620767,293428484,17.0,0
31/03/2025,115-03-01-002-002-001,INGRESO PRESUPUESTARIO,TRIBUTOS SOBRE EL USO DE BIENES Y REALIZ. DE ACTIV,PATENTES Y TASAS POR DERECHO,DERECHOS DE ASEO,DERECHOS DE ASEO PATENTES PROVISORIAS             ,51000000,51000000,46428476,1691021,4571524,1691021,4571524,9.0,0
31/03/2025,115-03-01-002-002-002,INGRESO PRESUPUESTARIO,TRIBUTOS SOBRE EL USO DE BIENES Y REALIZ. DE ACTIV,PATENTES Y TASAS POR DERECHO,DERECHOS DE ASEO,DERECHOS DE ASEO PATENTES ENROLADAS     ,789000000,789000000,588285838,4023900,200714162,25179863,146203100,19.0,54511062
31/03/2025,115-03-01-002-002-003,INGRESO PRESUPUESTARIO,TRIBUTOS SOBRE EL USO DE BIENES Y REALIZ. DE ACTIV,PATENTES Y TASAS POR DERECHO,DERECHOS DE ASEO,DERECHOS DE ASEO ROL CONTRIBUCIONES,0,0,0,0,0,0,0,,0
31/03/2025,115-03-01-002-002-004,INGRESO PRESUPUESTARIO,TRIBUTOS SOBRE EL USO DE BIENES Y REALIZ. DE ACTIV,PATENTES Y TASAS POR DERECHO,DERECHOS DE ASEO,DERECHOS DE ASEO FERIAS LIBRES Y PERSAS           ,3900000,3900000,2837612,55286,1062388,55286,1062388,27.0,0
31/03/2025,115-03-01-002-002-005,INGRESO PRESUPUESTARIO,TRIBUTOS SOBRE EL USO DE BIENES Y REALIZ. DE ACTIV,PATENTES Y TASAS POR DERECHO,DERECHOS DE ASEO,DERECHO DE ASEO FERIAS LIBRES                     ,0,0,0,0,0,0,0,,0
31/03/2025,115-03-01-002-003-001,INGRESO PRESUPUESTARIO,TRIBUTOS SOBRE EL USO DE BIENES Y REALIZ. DE ACTIV,PATENTES Y TASAS POR DERECHO,DERECHOS DE ASEO,ASEO DOMICILIARIO 1 CUOTA               ,2451300000,2451300000,2451300000,0,0,0,0,,0
31/03/2025,115-03-01-002-003-002,INGRESO PRESUPUESTARIO,TRIBUTOS SOBRE EL USO DE BIENES Y REALIZ. DE ACTIV,PATENTES Y TASAS POR DERECHO,DERECHOS DE ASEO,ASEO DOMICILIARIO 2 CUOTA               ,0,0,0,0,0,0,0,,0
31/03/2025,115-03-01-002-003-003,INGRESO PRESUPUESTARIO,TRIBUTOS SOBRE EL USO DE BIENES Y REALIZ. DE ACTIV,PATENTES Y TASAS POR DERECHO,DERECHOS DE ASEO,ASEO DOMICILIARIO  3RA. CUOTA 1996      ,0,0,0,0,0,0,0,,0
31/03/2025,115-03-01-002-003-004,INGRESO PRESUPUESTARIO,TRIBUTOS SOBRE EL USO DE BIENES Y REALIZ. DE ACTIV,PATENTES Y TASAS POR DERECHO,DERECHOS DE ASEO,"ASEO DOMICILIARIO 4TA,CUOTA ",0,0,0,0,0,0,0,,0
31/03/2025,115-03-01-002-003-005,INGRESO PRESUPUESTARIO,TRIBUTOS SOBRE EL USO DE BIENES Y REALIZ. DE ACTIV,PATENTES Y TASAS POR DERECHO,DERECHOS DE ASEO,CONVENIO DERECHO ASEO DOMICIL. AñO EN CURSO      ,4800000,4800000,4795060,0,4940,0,4940,,0
31/03/2025,115-03-01-003-001-001,INGRESO PRESUPUESTARIO,TRIBUTOS SOBRE EL USO DE BIENES Y REALIZ. DE ACTIV,PATENTES Y TASAS POR DERECHO,OTRO DERECHOS,DERECHOS  PERMISOS DE EDIFIC.                     ,100000000,100000000,96586257,880281,3413743,880281,3413743,3.0,0
31/03/2025,115-03-01-003-001-002,INGRESO PRESUPUESTARIO,TRIBUTOS SOBRE EL USO DE BIENES Y REALIZ. DE ACTIV,PATENTES Y TASAS POR DERECHO,OTRO DERECHOS,CONVENIOS PERMISOS DE EDIFICACION       ,0,0,0,0,0,0,0,,0
31/03/2025,115-03-01-003-001-003,INGRESO PRESUPUESTARIO,TRIBUTOS SOBRE EL USO DE BIENES Y REALIZ. DE ACTIV,PATENTES Y TASAS POR DERECHO,OTRO DERECHOS,CERTIFICADOS D0M                                  ,40000000,40000000,34098179,2067895,5901821,2067895,5901821,15.0,0
31/03/2025,115-03-01-003-001-004,INGRESO PRESUPUESTARIO,TRIBUTOS SOBRE EL USO DE BIENES Y REALIZ. DE ACTIV,PATENTES Y TASAS POR DERECHO,OTRO DERECHOS,OTROS DERECHOS DOM                                ,300000000,300000000,183042279,31427448,116957721,31427448,116957721,39.0,0
31/03/2025,115-03-01-003-001-005,INGRESO PRESUPUESTARIO,TRIBUTOS SOBRE EL USO DE BIENES Y REALIZ. DE ACTIV,PATENTES Y TASAS POR DERECHO,OTRO DERECHOS,FOTOCOPIAS PLANOS Y OTROS  DOM,179000,179000,160696,0,18304,0,18304,10.0,0
31/03/2025,115-03-01-003-001-006,INGRESO PRESUPUESTARIO,TRIBUTOS SOBRE EL USO DE BIENES Y REALIZ. DE ACTIV,PATENTES Y TASAS POR DERECHO,OTRO DERECHOS,CERTIFICADOS DOM DIGITAL,0,0,0,0,0,0,0,,0
31/03/2025,115-03-01-003-002-000,INGRESO PRESUPUESTARIO,TRIBUTOS SOBRE EL USO DE BIENES Y REALIZ. DE ACTIV,PATENTES Y TASAS POR DERECHO,OTRO DERECHOS,PERMISOS PROVISORIOS,50000000,50000000,21833665,98950,28166335,806228,3027771,6.0,25138564
31/03/2025,115-03-01-003-003-001,INGRESO PRESUPUESTARIO,TRIBUTOS SOBRE EL USO DE BIENES Y REALIZ. DE ACTIV,PATENTES Y TASAS POR DERECHO,OTRO DERECHOS,DERECHOS PUBLICIDAD ENROLADAS           ,400000000,400000000,45333657,1130539,354666343,2542839,56878391,14.0,297787952
31/03/2025,115-03-01-003-003-002,INGRESO PRESUPUESTARIO,TRIBUTOS SOBRE EL USO DE BIENES Y REALIZ. DE ACTIV,PATENTES Y TASAS POR DERECHO,OTRO DERECHOS,DERECHOS PUBLICIDAD NO ENROLADOS                  ,300000000,300000000,247474833,0,52525167,0,225462,,52299705
31/03/2025,115-03-01-003-004-000,INGRESO PRESUPUESTARIO,TRIBUTOS SOBRE EL USO DE BIENES Y REALIZ. DE ACTIV,PATENTES Y TASAS POR DERECHO,OTRO DERECHOS,TRANSFERENCIA DE VEHICULOS,1550000000,1550000000,1083238750,136809748,466761250,136809748,466761250,30.0,0
31/03/2025,115-03-01-003-999-001,INGRESO PRESUPUESTARIO,TRIBUTOS SOBRE EL USO DE BIENES Y REALIZ. DE ACTIV,PATENTES Y TASAS POR DERECHO,OTRO DERECHOS,ESPECIES VALORADAS                                ,0,0,0,0,0,0,0,,0
31/03/2025,115-03-01-003-999-002,INGRESO PRESUPUESTARIO,TRIBUTOS SOBRE EL USO DE BIENES Y REALIZ. DE ACTIV,PATENTES Y TASAS POR DERECHO,OTRO DERECHOS,OTROS DERECHOS MUNICIPALES RENTAS                 ,26000000,26000000,26000000,0,0,0,0,,0
31/03/2025,115-03-01-003-999-003,INGRESO PRESUPUESTARIO,TRIBUTOS SOBRE EL USO DE BIENES Y REALIZ. DE ACTIV,PATENTES Y TASAS POR DERECHO,OTRO DERECHOS,OTROS INGRESOS RENTAS                             ,13821000,13821000,13611909,13606,209091,13606,209091,2.0,0
31/03/2025,115-03-01-003-999-004,INGRESO PRESUPUESTARIO,TRIBUTOS SOBRE EL USO DE BIENES Y REALIZ. DE ACTIV,PATENTES Y TASAS POR DERECHO,OTRO DERECHOS,VENTA DE BASES ADMINISTRATIVAS                    ,0,0,0,0,0,0,0,,0
31/03/2025,115-03-01-003-999-005,INGRESO PRESUPUESTARIO,TRIBUTOS SOBRE EL USO DE BIENES Y REALIZ. DE ACTIV,PATENTES Y TASAS POR DERECHO,OTRO DERECHOS,TRANSACCION DE DEUDAS SEGUN INFORME JURIDICO      ,0,0,0,0,0,0,0,,0
31/03/2025,115-03-01-003-999-006,INGRESO PRESUPUESTARIO,TRIBUTOS SOBRE EL USO DE BIENES Y REALIZ. DE ACTIV,PATENTES Y TASAS POR DERECHO,OTRO DERECHOS,OTROS                                             ,200000000,200000000,200000000,0,0,0,0,,0
31/03/2025,115-03-01-003-999-007,INGRESO PRESUPUESTARIO,TRIBUTOS SOBRE EL USO DE BIENES Y REALIZ. DE ACTIV,PATENTES Y TASAS POR DERECHO,OTRO DERECHOS,CONVENIO PERM. FERIAS LIBRES                      ,0,0,0,0,0,0,0,,0
31/03/2025,115-03-01-003-999-008,INGRESO PRESUPUESTARIO,TRIBUTOS SOBRE EL USO DE BIENES Y REALIZ. DE ACTIV,PATENTES Y TASAS POR DERECHO,OTRO DERECHOS,TRANSACCIONES AñO EN CURSO DE JURIDICO  ,0,0,0,0,0,0,0,,0
31/03/2025,115-03-01-004-001-000,INGRESO PRESUPUESTARIO,TRIBUTOS SOBRE EL USO DE BIENES Y REALIZ. DE ACTIV,PATENTES Y TASAS POR DERECHO,DERECHOS DE EXPLOTACION,CONCESIONES,0,0,0,0,0,0,0,,0
31/03/2025,115-03-01-999-000-000,INGRESO PRESUPUESTARIO,TRIBUTOS SOBRE EL USO DE BIENES Y REALIZ. DE ACTIV,PATENTES Y TASAS POR DERECHO,OTRAS,OTRAS,0,0,0,0,0,0,0,,0
31/03/2025,115-03-02-001-001-000,INGRESO PRESUPUESTARIO,TRIBUTOS SOBRE EL USO DE BIENES Y REALIZ. DE ACTIV,PERMISOS Y LICENCIAS,PERMISO DE CIRCULACION,BENEFICIO MUNICIPAL                     ,12197101457,12197101457,4828497742,6398469425,7368603715,4839444995,5734664951,47.0,1633938764
31/03/2025,115-03-02-001-002-000,INGRESO PRESUPUESTARIO,TRIBUTOS SOBRE EL USO DE BIENES Y REALIZ. DE ACTIV,PERMISOS Y LICENCIAS,PERMISO DE CIRCULACION,BENEFICIO FONDO COMUN MUNICIPAL,20328502428,20328502428,8047501483,10664111151,12281000945,8065738195,9557770824,47.0,2723230121
31/03/2025,115-03-02-002-001-000,INGRESO PRESUPUESTARIO,TRIBUTOS SOBRE EL USO DE BIENES Y REALIZ. DE ACTIV,PERMISOS Y LICENCIAS,LICENCIAS DE CONDUCIR Y SIMILARES,LICENCIA DE CONDUCIR,490000000,490000000,273022503,65020014,216977497,65020014,216977497,44.0,0
31/03/2025,115-03-02-002-999-000,INGRESO PRESUPUESTARIO,TRIBUTOS SOBRE EL USO DE BIENES Y REALIZ. DE ACTIV,PERMISOS Y LICENCIAS,LICENCIAS DE CONDUCIR Y SIMILARES,OTROS,0,0,0,0,0,0,0,,0
31/03/2025,115-03-02-999-001-000,INGRESO PRESUPUESTARIO,TRIBUTOS SOBRE EL USO DE BIENES Y REALIZ. DE ACTIV,PERMISOS Y LICENCIAS,OTROS,OTROS DERECHOS DIRECCION DE TRANSITO. DUPLICIDADES,11348149,11348149,10438981,179369,909168,179369,909168,8.0,0
31/03/2025,115-03-02-999-002-000,INGRESO PRESUPUESTARIO,TRIBUTOS SOBRE EL USO DE BIENES Y REALIZ. DE ACTIV,PERMISOS Y LICENCIAS,OTROS,CONVENIOS PERMISOS DE CIRCULACION       ,0,0,0,0,0,0,0,,0
31/03/2025,115-03-03-000-000-000,INGRESO PRESUPUESTARIO,TRIBUTOS SOBRE EL USO DE BIENES Y REALIZ. DE ACTIV,PARTICIPACION EN IMPUESTO TERRITORIAL,PARTICIPACION EN IMPUESTO TERRITORIAL,PARTICIPACION EN IMPUESTO TERRITORIAL,13600000000,13600000000,12042814403,363157996,1557185597,363157996,1557185597,11.0,0
31/03/2025,115-03-99-000-000-000,INGRESO PRESUPUESTARIO,TRIBUTOS SOBRE EL USO DE BIENES Y REALIZ. DE ACTIV,OTROS TRIBUTOS,OTROS TRIBUTOS,OTROS TRIBUTOS,0,0,0,0,0,0,0,,0
31/03/2025,115-05-01-001-000-000,INGRESO PRESUPUESTARIO,TRANSFERENCIAS  CORRIENTES,DEL SECTOR PRIVADO,JERIA Y CIA. CORREDORES DE SEGUROS LTDA,JERIA Y CIA. CORREDORES DE SEGUROS LTDA,0,0,0,0,0,0,0,,0
31/03/2025,115-05-01-002-000-000,INGRESO PRESUPUESTARIO,TRANSFERENCIAS  CORRIENTES,DEL SECTOR PRIVADO,BANCO DEL DESARROLLO,BANCO DEL DESARROLLO,0,0,0,0,0,0,0,,0
31/03/2025,115-05-01-003-000-000,INGRESO PRESUPUESTARIO,TRANSFERENCIAS  CORRIENTES,DEL SECTOR PRIVADO,BANCO DE CREDITO E INVERSIONES,BANCO DE CREDITO E INVERSIONES,0,0,0,0,0,0,0,,0
31/03/2025,115-05-01-004-000-000,INGRESO PRESUPUESTARIO,TRANSFERENCIAS  CORRIENTES,DEL SECTOR PRIVADO,LENOVO CHILE,LENOVO CHILE ,0,0,0,0,0,0,0,,0
31/03/2025,115-05-01-005-000-000,INGRESO PRESUPUESTARIO,TRANSFERENCIAS  CORRIENTES,DEL SECTOR PRIVADO,TRANSFERENCIA BCI,TRANSFERENCIA BCI,0,0,0,0,0,0,0,,0
31/03/2025,115-05-01-006-000-000,INGRESO PRESUPUESTARIO,TRANSFERENCIAS  CORRIENTES,DEL SECTOR PRIVADO,TRANSFERENCIAS DECRETO LEY 174,TRANSFERENCIAS DECRETO LEY 174,0,0,0,0,0,0,0,,0
31/03/2025,115-05-01-007-000-000,INGRESO PRESUPUESTARIO,TRANSFERENCIAS  CORRIENTES,DEL SECTOR PRIVADO,COLABORACION BANCO ESTADO,COLABORACION BANCO ESTADO,0,0,0,0,0,0,0,,0
31/03/2025,115-05-01-008-000-000,INGRESO PRESUPUESTARIO,TRANSFERENCIAS  CORRIENTES,DEL SECTOR PRIVADO,MICROFINANZAS,MICROFINANZAS,0,0,0,0,0,0,0,,0
31/03/2025,115-05-01-009-000-000,INGRESO PRESUPUESTARIO,TRANSFERENCIAS  CORRIENTES,DEL SECTOR PRIVADO,FUNDACION CONTIGO,FUNDACION CONTIGO,0,0,0,0,0,0,0,,0
31/03/2025,115-05-01-010-000-000,INGRESO PRESUPUESTARIO,TRANSFERENCIAS  CORRIENTES,DEL SECTOR PRIVADO,CORPORACION WB-SINAM,CORPORACION WB-SINAM,0,0,0,0,0,0,0,,0
31/03/2025,115-05-01-011-000-000,INGRESO PRESUPUESTARIO,TRANSFERENCIAS  CORRIENTES,DEL SECTOR PRIVADO,APORTE COMPAÑIA DE SEGUROS TOLHUACA PARA PERMISOS DE CIRCULACION AÑO 2008,APORTE COMPAÑIA DE SEGUROS TOLHUACA PARA PERMISOS DE CIRCULACION AÑO 2008,0,0,0,0,0,0,0,,0
31/03/2025,115-05-01-012-000-000,INGRESO PRESUPUESTARIO,TRANSFERENCIAS  CORRIENTES,DEL SECTOR PRIVADO,BAYER,BAYER,0,0,0,0,0,0,0,,0
31/03/2025,115-05-01-013-000-000,INGRESO PRESUPUESTARIO,TRANSFERENCIAS  CORRIENTES,DEL SECTOR PRIVADO,UNIVERSIDAD ADOLFO IBAÑEZ,UNIVERSIDAD ADOLFO IBAÑEZ,0,0,0,0,0,0,0,,0
31/03/2025,115-05-01-014-000-000,INGRESO PRESUPUESTARIO,TRANSFERENCIAS  CORRIENTES,DEL SECTOR PRIVADO,UNIVERSIDAD ADOLFO IBAÑEZ=CONVENIO 07.03.08,UNIVERSIDAD ADOLFO IBAÑEZ=CONVENIO 07.03.08,0,0,0,0,0,0,0,,0
31/03/2025,115-05-01-015-000-000,INGRESO PRESUPUESTARIO,TRANSFERENCIAS  CORRIENTES,DEL SECTOR PRIVADO,MICROCREDITO APORTE CREDICOOP,MICROCREDITO APORTE CREDICOOP,0,0,0,0,0,0,0,,0
31/03/2025,115-05-01-016-000-000,INGRESO PRESUPUESTARIO,TRANSFERENCIAS  CORRIENTES,DEL SECTOR PRIVADO,INMOBILIARIA ACONCAGUA,INMOBILIARIA ACONCAGUA,0,0,0,0,0,0,0,,0
31/03/2025,115-05-01-017-000-000,INGRESO PRESUPUESTARIO,TRANSFERENCIAS  CORRIENTES,DEL SECTOR PRIVADO,CONVENIO ECOPARQUE,CONVENIO ECOPARQUE,0,0,0,0,0,0,0,,0
31/03/2025,115-05-03-002-001-000,INGRESO PRESUPUESTARIO,TRANSFERENCIAS  CORRIENTES,DE OTRAS ENTIDADES PUBLICAS,DE LA SUBSECRETARIA DE DESARROLLO REGIONAL Y ADMINISTRATIVO,FORTALECIMIENTO DE LA GESTION MUNICIPAL,0,0,0,0,0,0,0,,0
31/03/2025,115-05-03-002-999-000,INGRESO PRESUPUESTARIO,TRANSFERENCIAS  CORRIENTES,DE OTRAS ENTIDADES PUBLICAS,DE LA SUBSECRETARIA DE DESARROLLO REGIONAL Y ADMINISTRATIVO,OTRAS TRANSFERENCIAS CORRIENTES DE LA SUDERE,1000000000,1000000000,1000000000,0,0,0,0,,0
31/03/2025,115-05-03-003-001-001,INGRESO PRESUPUESTARIO,TRANSFERENCIAS  CORRIENTES,DE OTRAS ENTIDADES PUBLICAS,DE LA SUBSECRETARIA DE EDUCACION,SUBVENCION FISCAL MENSUAL,0,0,0,0,0,0,0,,0
31/03/2025,115-05-03-003-001-002,INGRESO PRESUPUESTARIO,TRANSFERENCIAS  CORRIENTES,DE OTRAS ENTIDADES PUBLICAS,DE LA SUBSECRETARIA DE EDUCACION,SUBVENCION PARA EDUCACION ESPECIAL,0,0,0,0,0,0,0,,0
31/03/2025,115-05-03-003-002-001,INGRESO PRESUPUESTARIO,TRANSFERENCIAS  CORRIENTES,DE OTRAS ENTIDADES PUBLICAS,DE LA SUBSECRETARIA DE EDUCACION,"SUBVENCION ESCOLAR PREFERENCIAL, LEY N°20.248",0,0,0,0,0,0,0,,0
31/03/2025,115-05-03-003-002-002,INGRESO PRESUPUESTARIO,TRANSFERENCIAS  CORRIENTES,DE OTRAS ENTIDADES PUBLICAS,DE LA SUBSECRETARIA DE EDUCACION,FONDO DE APOYO A LA EDUCACION PUBLICA,0,0,0,0,0,0,0,,0
31/03/2025,115-05-03-003-002-999,INGRESO PRESUPUESTARIO,TRANSFERENCIAS  CORRIENTES,DE OTRAS ENTIDADES PUBLICAS,DE LA SUBSECRETARIA DE EDUCACION,OTROS,0,0,0,0,0,0,0,,0
31/03/2025,115-05-03-003-003-000,INGRESO PRESUPUESTARIO,TRANSFERENCIAS  CORRIENTES,DE OTRAS ENTIDADES PUBLICAS,DE LA SUBSECRETARIA DE EDUCACION,ANTICIPO DE LA SUBVENCION DE ESCOLARIDAD,0,0,0,0,0,0,0,,0
31/03/2025,115-05-03-004-001-000,INGRESO PRESUPUESTARIO,TRANSFERENCIAS  CORRIENTES,DE OTRAS ENTIDADES PUBLICAS,DE LA JUNTA NACIONAL DE JARDINES INFANTILES,CONVENIOS EDUCACION PREBASICA,0,0,0,0,0,0,0,,0
31/03/2025,115-05-03-005-001-000,INGRESO PRESUPUESTARIO,TRANSFERENCIAS  CORRIENTES,DE OTRAS ENTIDADES PUBLICAS,DEL SERVICIO NACIONAL DE MENORES,SUBVENCION MENORES EN SITUACION IRREGULAR,0,0,0,0,0,0,0,,0
31/03/2025,115-05-03-006-001-000,INGRESO PRESUPUESTARIO,TRANSFERENCIAS  CORRIENTES,DE OTRAS ENTIDADES PUBLICAS,DEL SERVICIO DE SALUD,ATENCION PRIMARIA LEY 19378 ART. 49,0,37843337631,27668219224,3732389897,10175118407,3732389897,10175118407,27.0,0
31/03/2025,115-05-03-006-002-000,INGRESO PRESUPUESTARIO,TRANSFERENCIAS  CORRIENTES,DE OTRAS ENTIDADES PUBLICAS,DEL SERVICIO DE SALUD,APORTES AFECTOS,0,0,0,0,0,0,0,,0
31/03/2025,115-05-03-006-003-000,INGRESO PRESUPUESTARIO,TRANSFERENCIAS  CORRIENTES,DE OTRAS ENTIDADES PUBLICAS,DEL SERVICIO DE SALUD,ANTICIPOS DEL APORTE ESTATAL,0,0,0,0,0,0,0,,0
31/03/2025,115-05-03-007-004-000,INGRESO PRESUPUESTARIO,TRANSFERENCIAS  CORRIENTES,DE OTRAS ENTIDADES PUBLICAS,DEL TESORO PUBLICO,BONIFICACION  ADICIONAL  LEY  DE INCENTIVO AL RETIRO,0,0,0,0,0,0,0,,0
31/03/2025,115-05-03-007-999-000,INGRESO PRESUPUESTARIO,TRANSFERENCIAS  CORRIENTES,DE OTRAS ENTIDADES PUBLICAS,DEL TESORO PUBLICO,OTRAS TRANFERENCIAS CORRIENTES DE TESORO PUBLICO,2800000000,3528374024,2609182431,65785461,919191593,65785461,919191593,26.0,0
31/03/2025,115-05-03-099-000-000,INGRESO PRESUPUESTARIO,TRANSFERENCIAS  CORRIENTES,DE OTRAS ENTIDADES PUBLICAS,DE OTRAS ENTIDADES PUBLICAS,DE OTRAS ENTIDADES PUBLICAS,0,114014846,0,0,114014846,0,114014846,100.0,0
31/03/2025,115-05-03-100-000-000,INGRESO PRESUPUESTARIO,TRANSFERENCIAS  CORRIENTES,DE OTRAS ENTIDADES PUBLICAS,DE OTRAS MUNICIPALIDADES,DE OTRAS MUNICIPALIDADES,0,0,0,0,0,0,0,,0
31/03/2025,115-05-03-101-000-000,INGRESO PRESUPUESTARIO,TRANSFERENCIAS  CORRIENTES,DE OTRAS ENTIDADES PUBLICAS,DE LA MUNICIPALIDAD A SS INCORPORADOS A SU GESTION,DE LA MUNICIPALIDAD A SS INCORPORADOS A SU GESTION,0,0,0,0,0,0,0,,0
31/03/2025,115-05-06-001-000-000,INGRESO PRESUPUESTARIO,TRANSFERENCIAS  CORRIENTES,DE GOBIERNOS EXTRANJEROS,DONACIÓN DE GOBIERNOS EXTRANJEROS,DONACIÓN DE GOBIERNOS EXTRANJEROS,0,0,0,0,0,0,0,,0
31/03/2025,115-06-01-001-000-000,INGRESO PRESUPUESTARIO,C X C RENTAS DE LA PROPIEDAD,ARRIENDO DE ACTIVOS NO FINANCIEROS,ARRIENDOS RECINTOS MUNICIPALES,ARRIENDOS RECINTOS MUNICIPALES                    ,594000000,594000000,594000000,0,0,0,0,,0
31/03/2025,115-06-01-002-000-000,INGRESO PRESUPUESTARIO,C X C RENTAS DE LA PROPIEDAD,ARRIENDO DE ACTIVOS NO FINANCIEROS,ARRIENDO (CASA DE LA CULTURA),ARRIENDO (CASA DE LA CULTURA)                     ,0,0,0,0,0,0,0,,0
31/03/2025,115-06-01-003-000-000,INGRESO PRESUPUESTARIO,C X C RENTAS DE LA PROPIEDAD,ARRIENDO DE ACTIVOS NO FINANCIEROS,ARRIENDO RECINTO DEPORTIVO,ARRIENDO RECINTO DEPORTIVO                        ,0,0,0,0,0,0,0,,0
31/03/2025,115-06-01-004-000-000,INGRESO PRESUPUESTARIO,C X C RENTAS DE LA PROPIEDAD,ARRIENDO DE ACTIVOS NO FINANCIEROS,ARRIENDO INMUEBLE SANCHEZ FONTECILLA,ARRIENDO INMUEBLE SANCHEZ FONTECILLA              ,0,0,0,0,0,0,0,,0
31/03/2025,115-06-01-005-000-000,INGRESO PRESUPUESTARIO,C X C RENTAS DE LA PROPIEDAD,ARRIENDO DE ACTIVOS NO FINANCIEROS,ARRIENDO INMUEBLE A. VESPUCIO ESQ. HERNAN CORTES,ARRIENDO INMUEBLE A. VESPUCIO ESQ. HERNAN CORTES  ,0,0,0,0,0,0,0,,0
31/03/2025,115-06-01-006-000-000,INGRESO PRESUPUESTARIO,C X C RENTAS DE LA PROPIEDAD,ARRIENDO DE ACTIVOS NO FINANCIEROS,ARRIENDO SALA DE CAPACITACION YUNUS,ARRIENDO SALA DE CAPACITACION YUNUS,6000000,6000000,6000000,0,0,0,0,,0
31/03/2025,115-06-01-007-000-000,INGRESO PRESUPUESTARIO,C X C RENTAS DE LA PROPIEDAD,ARRIENDO DE ACTIVOS NO FINANCIEROS,ARRIENDO SALAS CASA DE LA JUVENTUD,ARRIENDO SALAS CASA DE LA JUVENTUD,0,0,0,0,0,0,0,,0
31/03/2025,115-06-01-008-000-000,INGRESO PRESUPUESTARIO,C X C RENTAS DE LA PROPIEDAD,ARRIENDO DE ACTIVOS NO FINANCIEROS,ARRIENDO CAFETERIA CAV,ARRIENDO CAFETERIA CAV,0,0,0,0,0,0,0,,0
31/03/2025,115-06-01-009-000-000,INGRESO PRESUPUESTARIO,C X C RENTAS DE LA PROPIEDAD,ARRIENDO DE ACTIVOS NO FINANCIEROS,ARRIENDO SALAS DE BIBLIOTECA,ARRIENDO SALAS DE BIBLIOTECA,0,0,0,0,0,0,0,,0
31/03/2025,115-06-02-000-000-000,INGRESO PRESUPUESTARIO,C X C RENTAS DE LA PROPIEDAD,DIVIDENDOS,DIVIDENDOS,DIVIDENDOS,0,0,0,0,0,0,0,,0
31/03/2025,115-06-03-001-000-000,INGRESO PRESUPUESTARIO,C X C RENTAS DE LA PROPIEDAD,INTERESES,INTERESES FONDOS MUTUOS,INTERESES FONDOS MUTUOS  ,0,0,0,0,0,0,0,,0
31/03/2025,115-06-03-002-000-000,INGRESO PRESUPUESTARIO,C X C RENTAS DE LA PROPIEDAD,INTERESES,BANCREDITO FONDO MUTUO CONVENIENCIA ALFA,BANCREDITO FONDO MUTUO CONVENIENCIA ALFA          ,0,0,0,0,0,0,0,,0
31/03/2025,115-06-03-003-000-000,INGRESO PRESUPUESTARIO,C X C RENTAS DE LA PROPIEDAD,INTERESES,BANCREDITO FONDO MUTUO  GRAN VALOR SERIE,BANCREDITO FONDO MUTUO  GRAN VALOR SERIE,0,0,0,0,0,0,0,,0
31/03/2025,115-06-03-004-000-000,INGRESO PRESUPUESTARIO,C X C RENTAS DE LA PROPIEDAD,INTERESES,INTERESES A PLAZO FIJO,INTERESES A PLAZO FIJO,0,0,0,0,0,0,0,,0
31/03/2025,115-06-03-005-000-000,INGRESO PRESUPUESTARIO,C X C RENTAS DE LA PROPIEDAD,INTERESES,INTERESES POR SALDOS EN CUENTAS CORRIENTES,INTERESES POR SALDOS EN CUENTAS CORRIENTES,0,0,0,0,0,0,0,,0
31/03/2025,115-06-04-000-000-000,INGRESO PRESUPUESTARIO,C X C RENTAS DE LA PROPIEDAD,PARTICIPACION DE UTILIDADES,PARTICIPACION DE UTILIDADES,PARTICIPACION DE UTILIDADES,0,0,0,0,0,0,0,,0
31/03/2025,115-06-99-001-000-000,INGRESO PRESUPUESTARIO,C X C RENTAS DE LA PROPIEDAD,OTRAS RENTAS DE LA PROPIEDAD,INGRESOS PRODUCCION DE EVENTOS CHIMKOWE,INGRESOS PRODUCCION DE EVENTOS CHIMKOWE,0,0,0,0,0,0,0,,0
31/03/2025,115-06-99-002-000-000,INGRESO PRESUPUESTARIO,C X C RENTAS DE LA PROPIEDAD,OTRAS RENTAS DE LA PROPIEDAD,LEASEBACK,LEASEBACK,0,0,0,0,0,0,0,,0
31/03/2025,115-07-01-000-000-000,INGRESO PRESUPUESTARIO,C X C  INGRESOS DE OPERACION,VENTA DE BIENES,VENTA DE BIENES                                   ,VENTA DE BIENES                                   ,0,0,0,0,0,0,0,,0
31/03/2025,115-07-02-001-000-000,INGRESO PRESUPUESTARIO,C X C  INGRESOS DE OPERACION,VENTA DE SERVICIOS,"EXTRACCION BASURA,ESCOMBROS,LIMPIEZA DE POZOS.","EXTRACCION BASURA,ESCOMBROS,LIMPIEZA DE POZOS.    ",185410000,185410000,168205228,6450350,17204772,6450350,17204772,9.0,0
31/03/2025,115-07-02-002-000-000,INGRESO PRESUPUESTARIO,C X C  INGRESOS DE OPERACION,VENTA DE SERVICIOS,"ENTREGA DE AGUA, PODA Y EXTRACCION DE ARBOLES","ENTREGA DE AGUA, PODA Y EXTRACCION DE ARBOLES     ",1249000,1249000,1249000,0,0,0,0,,0
31/03/2025,115-07-02-003-000-000,INGRESO PRESUPUESTARIO,C X C  INGRESOS DE OPERACION,VENTA DE SERVICIOS,FOTOCOPIAS,FOTOCOPIAS                                        ,347000,347000,149390,78950,197610,78950,197610,57.0,0
31/03/2025,115-07-02-004-000-000,INGRESO PRESUPUESTARIO,C X C  INGRESOS DE OPERACION,VENTA DE SERVICIOS,"EVENTOS, CAMPEONATOS Y OTROS.","EVENTOS, CAMPEONATOS Y OTROS.                     ",0,0,0,0,0,0,0,,0
31/03/2025,115-07-02-005-000-000,INGRESO PRESUPUESTARIO,C X C  INGRESOS DE OPERACION,VENTA DE SERVICIOS,"FUMIGACIONES, DESRATIZACIONES, TRATAMIENTO POZOS.","FUMIGACIONES, DESRATIZACIONES, TRATAMIENTO POZOS.",76020000,76020000,62611600,5639400,13408400,5639400,13408400,18.0,0
31/03/2025,115-07-02-006-000-000,INGRESO PRESUPUESTARIO,C X C  INGRESOS DE OPERACION,VENTA DE SERVICIOS,TRANSPORTES A LA COMUNA,TRANSPORTES A LA COMUNA                           ,1236000,1236000,-164000,640000,1400000,640000,1400000,113.0,0
31/03/2025,115-07-02-007-000-000,INGRESO PRESUPUESTARIO,C X C  INGRESOS DE OPERACION,VENTA DE SERVICIOS,SERVICIOS FOTOGRAFICOS,SERVICIOS FOTOGRAFICOS                          ,45736000,45736000,32012000,4174000,13724000,4174000,13724000,30.0,0
31/03/2025,115-07-02-008-000-000,INGRESO PRESUPUESTARIO,C X C  INGRESOS DE OPERACION,VENTA DE SERVICIOS,CERTIFICADOS CONVENIO S.I.I.,CERTIFICADOS CONVENIO S.I.I.                      ,0,0,0,0,0,0,0,,0
31/03/2025,115-07-02-009-000-000,INGRESO PRESUPUESTARIO,C X C  INGRESOS DE OPERACION,VENTA DE SERVICIOS,CERTIFICADO DE ANTECEDENTES,CERTIFICADO DE ANTECEDENTES            ,29049000,29049000,21072695,2467500,7976305,2467500,7976305,27.0,0
31/03/2025,115-07-02-010-000-000,INGRESO PRESUPUESTARIO,C X C  INGRESOS DE OPERACION,VENTA DE SERVICIOS,INGRESOS DERECHO PISCINA,INGRESOS DERECHO PISCINA                          ,0,0,0,0,0,0,0,,0
31/03/2025,115-07-02-011-000-000,INGRESO PRESUPUESTARIO,C X C  INGRESOS DE OPERACION,VENTA DE SERVICIOS,INGRESOS CURSO DE NATACION,INGRESOS CURSO DE NATACION                        ,0,0,0,0,0,0,0,,0
31/03/2025,115-07-02-012-000-000,INGRESO PRESUPUESTARIO,C X C  INGRESOS DE OPERACION,VENTA DE SERVICIOS,CONVENIOS APARCADERO MUNICIPAL,CONVENIOS APARCADERO MUNICIPAL          ,0,0,0,0,0,0,0,,0
31/03/2025,115-07-02-013-000-000,INGRESO PRESUPUESTARIO,C X C  INGRESOS DE OPERACION,VENTA DE SERVICIOS,APARCADERO MUNICIPAL (INGRESOS),APARCADERO MUNICIPAL (INGRESOS),0,0,-2889102,0,2889102,0,2889102,,0
31/03/2025,115-07-02-014-000-000,INGRESO PRESUPUESTARIO,C X C  INGRESOS DE OPERACION,VENTA DE SERVICIOS,PLASTIFICADO BIBLIOTECA MUNICIPAL,PLASTIFICADO BIBLIOTECA MUNICIPAL,0,0,0,0,0,0,0,,0
31/03/2025,115-07-02-015-000-000,INGRESO PRESUPUESTARIO,C X C  INGRESOS DE OPERACION,VENTA DE SERVICIOS,USO DE ESPACIOS CHIMKOWE,USO DE ESPACIOS CHIMKOWE,0,0,0,0,0,0,0,,0
31/03/2025,115-07-02-016-000-000,INGRESO PRESUPUESTARIO,C X C  INGRESOS DE OPERACION,VENTA DE SERVICIOS,PRESTACION DE SERVICIOS OTEC,PRESTACION DE SERVICIOS OTEC,47899000,47899000,47899000,0,0,0,0,,0
31/03/2025,115-07-02-017-000-000,INGRESO PRESUPUESTARIO,C X C  INGRESOS DE OPERACION,VENTA DE SERVICIOS,TALLERES PROGRAMA JOVENES-G.C.F.,TALLERES PROGRAMA JOVENES-G.C.F.,0,0,0,0,0,0,0,,0
31/03/2025,115-07-02-018-000-000,INGRESO PRESUPUESTARIO,C X C  INGRESOS DE OPERACION,VENTA DE SERVICIOS,"INSCRIPCIONES BIBLIOTECA, INSUMOS VARIOS Y OTROS","INSCRIPCIONES BIBLIOTECA, INSUMOS VARIOS Y OTROS",363054000,363054000,363030640,0,23360,0,23360,,0
31/03/2025,115-08-01-001-000-000,INGRESO PRESUPUESTARIO,C X C OTROS INGRESOS  CORRIENTES,RECUPERACION Y REEMBOLSO DE LICENCIAS MEDICAS,REEMBOLSO ART 4  LEY 19345  Y LEY Nº 19117 ART.UNICO,REEMBOLSO ART 4  LEY 19345  Y LEY Nº 19117 ART.UNICO ,65000000,65000000,45699557,0,19300443,0,17310155,27.0,1990288
31/03/2025,115-08-01-002-000-000,INGRESO PRESUPUESTARIO,C X C OTROS INGRESOS  CORRIENTES,RECUPERACION Y REEMBOLSO DE LICENCIAS MEDICAS,RECUPERACIONES ART 12  LEY 18.196. Y LEY Nº 19117 ART UNICO,RECUPERACIONES ART 12  LEY 18.196. Y LEY Nº 19117 ART UNICO  ,475000000,475000000,309014241,59513226,165985759,6816286,30369576,6.0,135616183
31/03/2025,115-08-02-001-001-000,INGRESO PRESUPUESTARIO,C X C OTROS INGRESOS  CORRIENTES,MULTAS Y SANCIONES PECUNARIAS,MULTAS- DE BENEFICIO MUNICIPAL,MULTAS LEY DE TRANSITO,539999767,539999767,351113399,74376246,188886368,74376246,188886368,35.0,0
31/03/2025,115-08-02-001-002-000,INGRESO PRESUPUESTARIO,C X C OTROS INGRESOS  CORRIENTES,MULTAS Y SANCIONES PECUNARIAS,MULTAS- DE BENEFICIO MUNICIPAL,"MULTAS ART. 14, N°6, INC. 2°, LEY N°18.695 - MULTAS TAG",405211713,405211713,359356817,30223906,45854896,30223906,45854896,11.0,0
31/03/2025,115-08-02-001-003-001,INGRESO PRESUPUESTARIO,C X C OTROS INGRESOS  CORRIENTES,MULTAS Y SANCIONES PECUNARIAS,MULTAS- DE BENEFICIO MUNICIPAL,"MULTAS ART 42, DECR.900-1996",0,0,0,0,0,0,0,,0
31/03/2025,115-08-02-001-004-000,INGRESO PRESUPUESTARIO,C X C OTROS INGRESOS  CORRIENTES,MULTAS Y SANCIONES PECUNARIAS,MULTAS- DE BENEFICIO MUNICIPAL,REGISTRO DE MULTAS DE PASAJEROS INFRACTORES - DE BENEFICIO MUNICIPAL,0,0,0,0,0,0,0,,0
31/03/2025,115-08-02-001-999-001,INGRESO PRESUPUESTARIO,C X C OTROS INGRESOS  CORRIENTES,MULTAS Y SANCIONES PECUNARIAS,MULTAS- DE BENEFICIO MUNICIPAL,MULTAS E INTERESES,358000000,358000000,226265809,31911979,131734191,31911979,131734191,37.0,0
31/03/2025,115-08-02-001-999-002,INGRESO PRESUPUESTARIO,C X C OTROS INGRESOS  CORRIENTES,MULTAS Y SANCIONES PECUNARIAS,MULTAS- DE BENEFICIO MUNICIPAL,MULTAS ART. 52 ,80000000,80000000,80000000,0,0,0,0,,0
31/03/2025,115-08-02-001-999-003,INGRESO PRESUPUESTARIO,C X C OTROS INGRESOS  CORRIENTES,MULTAS Y SANCIONES PECUNARIAS,MULTAS- DE BENEFICIO MUNICIPAL,MULTAS CODIGO PENAL,100000,100000,100000,0,0,0,0,,0
31/03/2025,115-08-02-001-999-004,INGRESO PRESUPUESTARIO,C X C OTROS INGRESOS  CORRIENTES,MULTAS Y SANCIONES PECUNARIAS,MULTAS- DE BENEFICIO MUNICIPAL,MULTAS POR PUBLICIDAD NO AUTORIZADA,0,0,0,0,0,0,0,,0
31/03/2025,115-08-02-001-999-005,INGRESO PRESUPUESTARIO,C X C OTROS INGRESOS  CORRIENTES,MULTAS Y SANCIONES PECUNARIAS,MULTAS- DE BENEFICIO MUNICIPAL,MULTAS ART. 56,0,0,-197901,0,197901,0,197901,,0
31/03/2025,115-08-02-001-999-006,INGRESO PRESUPUESTARIO,C X C OTROS INGRESOS  CORRIENTES,MULTAS Y SANCIONES PECUNARIAS,MULTAS- DE BENEFICIO MUNICIPAL,MULTA ALCOHOL LEY 19.925,0,0,-643430,0,643430,0,643430,,0
31/03/2025,115-08-02-002-001-000,INGRESO PRESUPUESTARIO,C X C OTROS INGRESOS  CORRIENTES,MULTAS Y SANCIONES PECUNARIAS,MULTAS - DE BENEFICIO FONDO COMUN MUNICIPAL,"MULTAS ART. 14, N°6, INC. 1°, LEY N° 18.695 - EQUIPOS DE REGISTRO",0,0,0,0,0,0,0,,0
31/03/2025,115-08-02-002-002-000,INGRESO PRESUPUESTARIO,C X C OTROS INGRESOS  CORRIENTES,MULTAS Y SANCIONES PECUNARIAS,MULTAS - DE BENEFICIO FONDO COMUN MUNICIPAL,"MULTAS ART. 14, N°6, INC. 2°, LEY 18.695 -  MULTAS TAG",405211713,405211713,201689309,169056285,203522404,169056285,203522404,50.0,0
31/03/2025,115-08-02-002-003-000,INGRESO PRESUPUESTARIO,C X C OTROS INGRESOS  CORRIENTES,MULTAS Y SANCIONES PECUNARIAS,MULTAS - DE BENEFICIO FONDO COMUN MUNICIPAL,"MULTAS ART. 42, DECRETO N°900, DE 1996, MINISTERIO DE OBRAS PUBLICAS",0,0,0,0,0,0,0,,0
31/03/2025,115-08-02-002-999-001,INGRESO PRESUPUESTARIO,C X C OTROS INGRESOS  CORRIENTES,MULTAS Y SANCIONES PECUNARIAS,MULTAS - DE BENEFICIO FONDO COMUN MUNICIPAL,MULTAS DE BENEFICIO MUNICIPAL,0,0,0,0,0,0,0,,0
31/03/2025,115-08-02-002-999-002,INGRESO PRESUPUESTARIO,C X C OTROS INGRESOS  CORRIENTES,MULTAS Y SANCIONES PECUNARIAS,MULTAS - DE BENEFICIO FONDO COMUN MUNICIPAL,MULTAS ART. 52,0,0,0,0,0,0,0,,0
31/03/2025,115-08-02-002-999-003,INGRESO PRESUPUESTARIO,C X C OTROS INGRESOS  CORRIENTES,MULTAS Y SANCIONES PECUNARIAS,MULTAS - DE BENEFICIO FONDO COMUN MUNICIPAL,MULTAS CODIGO PENAL,0,0,0,0,0,0,0,,0
31/03/2025,115-08-02-003-000-000,INGRESO PRESUPUESTARIO,C X C OTROS INGRESOS  CORRIENTES,MULTAS Y SANCIONES PECUNARIAS,MULTA LEY DE ALCOHOLES  DE BENEFICIO MUNICIPAL,MULTA LEY DE ALCOHOLES  DE BENEFICIO MUNICIPAL    ,2269137,2269137,704259,301050,1564878,301050,1564878,69.0,0
31/03/2025,115-08-02-004-000-000,INGRESO PRESUPUESTARIO,C X C OTROS INGRESOS  CORRIENTES,MULTAS Y SANCIONES PECUNARIAS,MULTA LEY DE ALCOHOLES-DE BENEFICIO SERV. DE SALUD,MULTA LEY DE ALCOHOLES-DE BENEFICIO SERV. DE SALUD,1512754,1512754,469498,200700,1043256,200700,1043256,69.0,0
31/03/2025,115-08-02-005-000-000,INGRESO PRESUPUESTARIO,C X C OTROS INGRESOS  CORRIENTES,MULTAS Y SANCIONES PECUNARIAS,REG. DE MULTAS DEL TRANS. NO PAGADAS DE BENEFICIO,REG. DE MULTAS DEL TRANS. NO PAGADAS DE BENEFICIO ,354155387,354155387,152925315,176935158,201230072,176935158,201230072,57.0,0
31/03/2025,115-08-02-006-001-000,INGRESO PRESUPUESTARIO,C X C OTROS INGRESOS  CORRIENTES,MULTAS Y SANCIONES PECUNARIAS,REGIS. MULTAS DE T.  NO PAG. DE BENEF. OTRAS MUNIC,80 %  MULTAS IMPAGAS OTRAS MUNICIPALIDADES                            ,1414580719,1414580719,609660927,707740202,804919792,707740202,804919792,57.0,0
31/03/2025,115-08-02-006-002-000,INGRESO PRESUPUESTARIO,C X C OTROS INGRESOS  CORRIENTES,MULTAS Y SANCIONES PECUNARIAS,REGIS. MULTAS DE T.  NO PAG. DE BENEF. OTRAS MUNIC,8% ARANCEL REGISTRO MULTAS                        ,0,0,0,0,0,0,0,,0
31/03/2025,115-08-02-006-003-000,INGRESO PRESUPUESTARIO,C X C OTROS INGRESOS  CORRIENTES,MULTAS Y SANCIONES PECUNARIAS,REGIS. MULTAS DE T.  NO PAG. DE BENEF. OTRAS MUNIC,REGISTRO PASAJEROS INFACTORES,0,0,0,0,0,0,0,,0
31/03/2025,115-08-02-006-004-000,INGRESO PRESUPUESTARIO,C X C OTROS INGRESOS  CORRIENTES,MULTAS Y SANCIONES PECUNARIAS,REGIS. MULTAS DE T.  NO PAG. DE BENEF. OTRAS MUNIC,MULTAS DE OTRAS MUNICIPALIDADES TAG,2040000,2040000,-155627515,138832379,157667515,138832379,157667515,7729.0,0
31/03/2025,115-08-02-007-000-000,INGRESO PRESUPUESTARIO,C X C OTROS INGRESOS  CORRIENTES,MULTAS Y SANCIONES PECUNARIAS,MULTAS J.P.L - DE BENEF. OTRAS MUNICIPALIDADES,MULTAS J.P.L - DE BENEF. OTRAS MUNICIPALIDADES,218086564,218086564,218086564,0,0,0,0,,0
31/03/2025,115-08-02-008-002-000,INGRESO PRESUPUESTARIO,C X C OTROS INGRESOS  CORRIENTES,MULTAS Y SANCIONES PECUNARIAS,MULTAS E INTERESES,CORRECCION MONETARIA (I.P.C)            ,306853588,306853588,262854048,15738477,43999540,15738477,43999540,14.0,0
31/03/2025,115-08-02-009-000-000,INGRESO PRESUPUESTARIO,C X C OTROS INGRESOS  CORRIENTES,MULTAS Y SANCIONES PECUNARIAS,REGISTRO DE MULTAS DE PASAJEROS INFRACTORES - DE BENEFICIO DE OTRAS MUNICIPALIDADES,REGISTRO DE MULTAS DE PASAJEROS INFRACTORES - DE BENEFICIO DE OTRAS MUNICIPALIDADES,0,0,0,0,0,0,0,,0
31/03/2025,115-08-03-001-000-000,INGRESO PRESUPUESTARIO,C X C OTROS INGRESOS  CORRIENTES,PARTIC. FONDO COMUNAL MUNICIPAL ART 38 DL 3063,PARTICIPACION ANUAL,PARTICIPACION ANUAL ,22960000000,22960000000,19208852083,1143374656,3751147917,1143374656,3751147917,16.0,0
31/03/2025,115-08-03-002-000-000,INGRESO PRESUPUESTARIO,C X C OTROS INGRESOS  CORRIENTES,PARTIC. FONDO COMUNAL MUNICIPAL ART 38 DL 3063,COMPENSACIONES FONDO COMUN MUNICIPAL,COMPENSACIONES FONDO COMUN MUNICIPAL,0,0,0,0,0,0,0,,0
31/03/2025,115-08-03-003-001-000,INGRESO PRESUPUESTARIO,C X C OTROS INGRESOS  CORRIENTES,PARTIC. FONDO COMUNAL MUNICIPAL ART 38 DL 3063,APORTE EXTRAORDINARIO,APORTE EXTRAORDINARIO   FCM,40000000,40000000,40000000,0,0,0,0,,0
31/03/2025,115-08-03-003-002-000,INGRESO PRESUPUESTARIO,C X C OTROS INGRESOS  CORRIENTES,PARTIC. FONDO COMUNAL MUNICIPAL ART 38 DL 3063,APORTE EXTRAORDINARIO,ANTICIPO DDE APORTES AL  FONDO COMUN MUNICIPAL,0,0,0,0,0,0,0,,0
31/03/2025,115-08-03-006-001-000,INGRESO PRESUPUESTARIO,C X C OTROS INGRESOS  CORRIENTES,PARTIC. FONDO COMUNAL MUNICIPAL ART 38 DL 3063,Aportes Fiscales Adicionales por aplicacion ley n 21.591royalty Minero,"Aplicación Art. 14, N° 7, del DFL N° 1 de 2006 del Min. Int. Fondos comunas mineras",0,0,0,0,0,0,0,,0
31/03/2025,115-08-03-006-002-000,INGRESO PRESUPUESTARIO,C X C OTROS INGRESOS  CORRIENTES,PARTIC. FONDO COMUNAL MUNICIPAL ART 38 DL 3063,Aportes Fiscales Adicionales por aplicacion ley n 21.591royalty Minero,Aplicación Art.14 N° 8 del DFL N° 1 de 2006 del Min.Int.Fd.equidad ter,0,0,0,0,0,0,0,,0
31/03/2025,115-08-04-001-000-000,INGRESO PRESUPUESTARIO,C X C OTROS INGRESOS  CORRIENTES,FONDOS DE TERCEROS,ARANCEL AL REG. DE MULTAS DE TRANSITO NO PAGADAS,ARANCEL AL REG. DE MULTAS DE TRANSITO NO PAGADAS,216109600,216109600,141901940,65209330,74207660,65209330,74207660,34.0,0
31/03/2025,115-08-04-003-000-000,INGRESO PRESUPUESTARIO,C X C OTROS INGRESOS  CORRIENTES,FONDOS DE TERCEROS,COBROS  JUDICIALES A FAVOR  DE EMPRESAS CONCESIONARIAS,COBROS  JUDICIALES A FAVOR  DE EMPRESAS CONCESIONARIAS,0,0,0,0,0,0,0,,0
31/03/2025,115-08-04-999-001-000,INGRESO PRESUPUESTARIO,C X C OTROS INGRESOS  CORRIENTES,FONDOS DE TERCEROS,OTROS FONDOS DE TERCEROS,APORTES EMERGENCIA COVID-19,0,0,0,0,0,0,0,,0
31/03/2025,115-08-04-999-002-000,INGRESO PRESUPUESTARIO,C X C OTROS INGRESOS  CORRIENTES,FONDOS DE TERCEROS,OTROS FONDOS DE TERCEROS,OTROS                                   ,862000000,862000000,816421995,26789726,45578005,26789726,45578005,5.0,0
31/03/2025,115-08-04-999-003-000,INGRESO PRESUPUESTARIO,C X C OTROS INGRESOS  CORRIENTES,FONDOS DE TERCEROS,OTROS FONDOS DE TERCEROS,INDEM.SEGURO POR ROBO  Y OTROS                            ,0,0,0,0,0,0,0,,0
31/03/2025,115-08-04-999-004-000,INGRESO PRESUPUESTARIO,C X C OTROS INGRESOS  CORRIENTES,FONDOS DE TERCEROS,OTROS FONDOS DE TERCEROS,C.DEPORTIVO VILLA LETELIER,0,0,0,0,0,0,0,,0
31/03/2025,115-08-04-999-005-000,INGRESO PRESUPUESTARIO,C X C OTROS INGRESOS  CORRIENTES,FONDOS DE TERCEROS,OTROS FONDOS DE TERCEROS,APORT ESTUD E INFRA VIAL INMOB. DON JORGE LTDA.   ,0,0,0,0,0,0,0,,0
31/03/2025,115-08-04-999-006-000,INGRESO PRESUPUESTARIO,C X C OTROS INGRESOS  CORRIENTES,FONDOS DE TERCEROS,OTROS FONDOS DE TERCEROS,CONVENIO ESCUELA DE BASQUETBOOL                   ,0,0,0,0,0,0,0,,0
31/03/2025,115-08-04-999-007-000,INGRESO PRESUPUESTARIO,C X C OTROS INGRESOS  CORRIENTES,FONDOS DE TERCEROS,OTROS FONDOS DE TERCEROS,CIERRO PERIMETRAL CONDOMINIO LOS HERMIDA 1-A      ,0,0,0,0,0,0,0,,0
31/03/2025,115-08-04-999-008-000,INGRESO PRESUPUESTARIO,C X C OTROS INGRESOS  CORRIENTES,FONDOS DE TERCEROS,OTROS FONDOS DE TERCEROS,CONVENIO CERRO NAVIA - LUDOBUS                    ,0,0,0,0,0,0,0,,0
31/03/2025,115-08-04-999-009-000,INGRESO PRESUPUESTARIO,C X C OTROS INGRESOS  CORRIENTES,FONDOS DE TERCEROS,OTROS FONDOS DE TERCEROS,CIERRO PERIMETRAL CONDOMINIO 2000                 ,0,0,0,0,0,0,0,,0
31/03/2025,115-08-04-999-010-000,INGRESO PRESUPUESTARIO,C X C OTROS INGRESOS  CORRIENTES,FONDOS DE TERCEROS,OTROS FONDOS DE TERCEROS,EXTENSION HORARIA FERIAS LIBRES Y PERSA,0,0,0,0,0,0,0,,0
31/03/2025,115-08-04-999-011-000,INGRESO PRESUPUESTARIO,C X C OTROS INGRESOS  CORRIENTES,FONDOS DE TERCEROS,OTROS FONDOS DE TERCEROS,COMISION DE  MIS CUENTAS . COM,0,0,0,0,0,0,0,,0
31/03/2025,115-08-04-999-012-000,INGRESO PRESUPUESTARIO,C X C OTROS INGRESOS  CORRIENTES,FONDOS DE TERCEROS,OTROS FONDOS DE TERCEROS,RECAUDACION FERIA MICROEMPRESARIOS,0,0,0,0,0,0,0,,0
31/03/2025,115-08-04-999-013-000,INGRESO PRESUPUESTARIO,C X C OTROS INGRESOS  CORRIENTES,FONDOS DE TERCEROS,OTROS FONDOS DE TERCEROS,ACTA DE ENTREGA DE DINERO,0,0,0,0,0,0,0,,0
31/03/2025,115-08-04-999-014-000,INGRESO PRESUPUESTARIO,C X C OTROS INGRESOS  CORRIENTES,FONDOS DE TERCEROS,OTROS FONDOS DE TERCEROS,ASISTENCIA TECNICA EGIS,251000000,251000000,251000000,0,0,0,0,,0
31/03/2025,115-08-04-999-015-000,INGRESO PRESUPUESTARIO,C X C OTROS INGRESOS  CORRIENTES,FONDOS DE TERCEROS,OTROS FONDOS DE TERCEROS,INGRESOS  FARMACIA COMUNITARIA ,1670890400,2400890400,2233971981,58974921,166918419,58974921,166918419,7.0,0
31/03/2025,115-08-04-999-016-000,INGRESO PRESUPUESTARIO,C X C OTROS INGRESOS  CORRIENTES,FONDOS DE TERCEROS,OTROS FONDOS DE TERCEROS,INGRESO POR DUCUMENTOS POR COBRAR,0,0,0,0,0,0,0,,0
31/03/2025,115-08-04-999-017-000,INGRESO PRESUPUESTARIO,C X C OTROS INGRESOS  CORRIENTES,FONDOS DE TERCEROS,OTROS FONDOS DE TERCEROS,ZOONOSIS FARMACOS VETERINARIOS,0,0,0,0,0,0,0,,0
31/03/2025,115-08-04-999-018-000,INGRESO PRESUPUESTARIO,C X C OTROS INGRESOS  CORRIENTES,FONDOS DE TERCEROS,OTROS FONDOS DE TERCEROS,APORTE EMERGENCIA-DONACIONES,0,0,0,0,0,0,0,,0
31/03/2025,115-08-04-999-019-000,INGRESO PRESUPUESTARIO,C X C OTROS INGRESOS  CORRIENTES,FONDOS DE TERCEROS,OTROS FONDOS DE TERCEROS,APORTE EMERGENCIA PARA INCENDIOS ZONA SUR DE CHILE,0,0,0,0,0,0,0,,0
31/03/2025,115-08-04-999-020-000,INGRESO PRESUPUESTARIO,C X C OTROS INGRESOS  CORRIENTES,FONDOS DE TERCEROS,OTROS FONDOS DE TERCEROS,APORTE EMERGENCIA PARA CATRASTROFE ZONA CENTRO Y SUR DE CHILE,0,0,0,0,0,0,0,,0
31/03/2025,115-08-04-999-021-000,INGRESO PRESUPUESTARIO,C X C OTROS INGRESOS  CORRIENTES,FONDOS DE TERCEROS,OTROS FONDOS DE TERCEROS,INGRESOS POR EXPROPIACIONES,0,0,0,0,0,0,0,,0
31/03/2025,115-08-04-999-022-000,INGRESO PRESUPUESTARIO,C X C OTROS INGRESOS  CORRIENTES,FONDOS DE TERCEROS,OTROS FONDOS DE TERCEROS,APORTE EMERGENCIA PEÑALOLEN APOYA A PLACILLA,0,0,0,0,0,0,0,,0
31/03/2025,115-08-04-999-023-000,INGRESO PRESUPUESTARIO,C X C OTROS INGRESOS  CORRIENTES,FONDOS DE TERCEROS,OTROS FONDOS DE TERCEROS,APORTE EMERGENCIA INCENDIOS QUINTA REGION,0,0,0,0,0,0,0,,0
31/03/2025,115-08-99-001-001-000,INGRESO PRESUPUESTARIO,C X C OTROS INGRESOS  CORRIENTES,OTROS,DEVOLUCIONES Y REINTEGROS NO PREVISTOS DE IMPUESTOS,REINTEGROS ATRASOS,1000000,1000000,736936,155936,263064,155936,263064,26.0,0
31/03/2025,115-08-99-001-002-000,INGRESO PRESUPUESTARIO,C X C OTROS INGRESOS  CORRIENTES,OTROS,DEVOLUCIONES Y REINTEGROS NO PREVISTOS DE IMPUESTOS,REINTEGRO INASISTENCIA,3000000,3000000,3000000,0,0,0,0,,0
31/03/2025,115-08-99-001-003-000,INGRESO PRESUPUESTARIO,C X C OTROS INGRESOS  CORRIENTES,OTROS,DEVOLUCIONES Y REINTEGROS NO PREVISTOS DE IMPUESTOS,REINTEGRO LARGA DISTANCIA,0,0,0,0,0,0,0,,0
31/03/2025,115-08-99-001-004-000,INGRESO PRESUPUESTARIO,C X C OTROS INGRESOS  CORRIENTES,OTROS,DEVOLUCIONES Y REINTEGROS NO PREVISTOS DE IMPUESTOS,REINTEGROS SUELDO IMPREVISTOS,0,0,0,0,0,0,0,,0
31/03/2025,115-08-99-001-005-000,INGRESO PRESUPUESTARIO,C X C OTROS INGRESOS  CORRIENTES,OTROS,DEVOLUCIONES Y REINTEGROS NO PREVISTOS DE IMPUESTOS,REINTEGROS CAJA CHICA,0,0,0,0,0,0,0,,0
31/03/2025,115-08-99-001-006-000,INGRESO PRESUPUESTARIO,C X C OTROS INGRESOS  CORRIENTES,OTROS,DEVOLUCIONES Y REINTEGROS NO PREVISTOS DE IMPUESTOS,REINTEGRO PERDIDA DE CAJA,0,0,0,0,0,0,0,,0
31/03/2025,115-08-99-001-007-000,INGRESO PRESUPUESTARIO,C X C OTROS INGRESOS  CORRIENTES,OTROS,DEVOLUCIONES Y REINTEGROS NO PREVISTOS DE IMPUESTOS,REINTEGRO ASIG. MOVILIZACION,0,0,0,0,0,0,0,,0
31/03/2025,115-08-99-001-008-000,INGRESO PRESUPUESTARIO,C X C OTROS INGRESOS  CORRIENTES,OTROS,DEVOLUCIONES Y REINTEGROS NO PREVISTOS DE IMPUESTOS,REINT. PAGO EXESO SERV. VARIOS,0,0,0,0,0,0,0,,0
31/03/2025,115-08-99-001-009-000,INGRESO PRESUPUESTARIO,C X C OTROS INGRESOS  CORRIENTES,OTROS,DEVOLUCIONES Y REINTEGROS NO PREVISTOS DE IMPUESTOS,REINTEGROS AÑOS ANTERIORES,30000000,30000000,20057374,353813,9942626,353813,9942626,33.0,0
31/03/2025,115-08-99-001-010-000,INGRESO PRESUPUESTARIO,C X C OTROS INGRESOS  CORRIENTES,OTROS,DEVOLUCIONES Y REINTEGROS NO PREVISTOS DE IMPUESTOS,CAMBIO RESIDENCIA,0,0,0,0,0,0,0,,0
31/03/2025,115-08-99-001-011-000,INGRESO PRESUPUESTARIO,C X C OTROS INGRESOS  CORRIENTES,OTROS,DEVOLUCIONES Y REINTEGROS NO PREVISTOS DE IMPUESTOS,DEVOLUCIONES DE COMPRAS (ANUL. DECRETO DE PAGO),0,0,0,0,0,0,0,,0
31/03/2025,115-08-99-001-012-000,INGRESO PRESUPUESTARIO,C X C OTROS INGRESOS  CORRIENTES,OTROS,DEVOLUCIONES Y REINTEGROS NO PREVISTOS DE IMPUESTOS,REINTEGRO POR CHEQUES CADUCADOS,0,0,0,0,0,0,0,,0
31/03/2025,115-08-99-001-013-000,INGRESO PRESUPUESTARIO,C X C OTROS INGRESOS  CORRIENTES,OTROS,DEVOLUCIONES Y REINTEGROS NO PREVISTOS DE IMPUESTOS,REINTEGRO POR CAMBIO DE GRADO,0,0,0,0,0,0,0,,0
31/03/2025,115-08-99-001-014-000,INGRESO PRESUPUESTARIO,C X C OTROS INGRESOS  CORRIENTES,OTROS,DEVOLUCIONES Y REINTEGROS NO PREVISTOS DE IMPUESTOS,OTROS REINTEGROS,24738000,24738000,13271098,615752,11466902,615752,11466902,46.0,0
31/03/2025,115-08-99-001-015-000,INGRESO PRESUPUESTARIO,C X C OTROS INGRESOS  CORRIENTES,OTROS,DEVOLUCIONES Y REINTEGROS NO PREVISTOS DE IMPUESTOS,REINTEGRO BONIFICACION ART 19 LEY 15386,0,0,0,0,0,0,0,,0
31/03/2025,115-08-99-001-016-000,INGRESO PRESUPUESTARIO,C X C OTROS INGRESOS  CORRIENTES,OTROS,DEVOLUCIONES Y REINTEGROS NO PREVISTOS DE IMPUESTOS,REINTEGROS LLAMADAS CELULARES,390000,390000,390000,0,0,0,0,,0
31/03/2025,115-08-99-001-017-000,INGRESO PRESUPUESTARIO,C X C OTROS INGRESOS  CORRIENTES,OTROS,DEVOLUCIONES Y REINTEGROS NO PREVISTOS DE IMPUESTOS,LLAMADAS CELULARES PLANTA,0,0,0,0,0,0,0,,0
31/03/2025,115-08-99-001-018-000,INGRESO PRESUPUESTARIO,C X C OTROS INGRESOS  CORRIENTES,OTROS,DEVOLUCIONES Y REINTEGROS NO PREVISTOS DE IMPUESTOS,REINTEGRO MUNICIPALIDAD DE ÑUÑOA,0,0,0,0,0,0,0,,0
31/03/2025,115-08-99-001-019-000,INGRESO PRESUPUESTARIO,C X C OTROS INGRESOS  CORRIENTES,OTROS,DEVOLUCIONES Y REINTEGROS NO PREVISTOS DE IMPUESTOS,REINTEGRO POR HORAS EXTRAORDINARIAS ,200000,200000,200000,0,0,0,0,,0
31/03/2025,115-08-99-001-020-000,INGRESO PRESUPUESTARIO,C X C OTROS INGRESOS  CORRIENTES,OTROS,DEVOLUCIONES Y REINTEGROS NO PREVISTOS DE IMPUESTOS,OTROS  REINTEGROS NO PROVENIENTE DE IMPUESTOS,0,0,0,0,0,0,0,,0
31/03/2025,115-08-99-001-021-000,INGRESO PRESUPUESTARIO,C X C OTROS INGRESOS  CORRIENTES,OTROS,DEVOLUCIONES Y REINTEGROS NO PREVISTOS DE IMPUESTOS,REINTEGRO POR LICENCIAS RECHAZADAS Y/O REDUCIDAS,120000000,120000000,112267507,4644721,7732493,4644721,7732493,6.0,0
31/03/2025,115-08-99-999-001-001,INGRESO PRESUPUESTARIO,C X C OTROS INGRESOS  CORRIENTES,OTROS,OTROS,COTIZACIONES PARA LA LEY DE ACCIDENTE DEL TRABAJO,0,0,0,0,0,0,0,,0
31/03/2025,115-08-99-999-001-002,INGRESO PRESUPUESTARIO,C X C OTROS INGRESOS  CORRIENTES,OTROS,OTROS,COTIZACIONES PARA EL FONDO DE PENSIONES,0,0,0,0,0,0,0,,0
31/03/2025,115-08-99-999-001-003,INGRESO PRESUPUESTARIO,C X C OTROS INGRESOS  CORRIENTES,OTROS,OTROS,COTIZACIONES PARA LA SALUD,0,0,0,0,0,0,0,,0
31/03/2025,115-08-99-999-001-004,INGRESO PRESUPUESTARIO,C X C OTROS INGRESOS  CORRIENTES,OTROS,OTROS,OTROS,104000000,104000000,104000000,0,0,0,0,,0
31/03/2025,115-08-99-999-001-005,INGRESO PRESUPUESTARIO,C X C OTROS INGRESOS  CORRIENTES,OTROS,OTROS,INGRESOS PATENTES POR COBRANZA JUDICIAL,30000000,30000000,30000000,0,0,0,0,,0
31/03/2025,115-08-99-999-001-006,INGRESO PRESUPUESTARIO,C X C OTROS INGRESOS  CORRIENTES,OTROS,OTROS,INGRESOS PERMISOS POR COBRANZA JUDICIAL,10000000,10000000,10000000,0,0,0,0,,0
31/03/2025,115-08-99-999-001-007,INGRESO PRESUPUESTARIO,C X C OTROS INGRESOS  CORRIENTES,OTROS,OTROS,INGRESOS CONVENIOS POR COBRANZA JUDICIAL,5000000,5000000,5000000,0,0,0,0,,0
31/03/2025,115-08-99-999-001-008,INGRESO PRESUPUESTARIO,C X C OTROS INGRESOS  CORRIENTES,OTROS,OTROS,INGRESOS PUBLICIDAD POR COBRANZA JUDICIAL,30000000,30000000,-8639032,17065092,38639032,17065092,38639032,129.0,0
31/03/2025,115-08-99-999-001-009,INGRESO PRESUPUESTARIO,C X C OTROS INGRESOS  CORRIENTES,OTROS,OTROS,INGRESOS EVASORES SIN PATENTE (S.I.I),20000000,20000000,20000000,0,0,0,0,,0
31/03/2025,115-08-99-999-001-010,INGRESO PRESUPUESTARIO,C X C OTROS INGRESOS  CORRIENTES,OTROS,OTROS,APORTES LEY DE ESPACIOS PUBLICOS,120000000,120000000,78189008,2022060,41810992,2022060,41810992,35.0,0
31/03/2025,115-08-99-999-002-000,INGRESO PRESUPUESTARIO,C X C OTROS INGRESOS  CORRIENTES,OTROS,OTROS,APORTES DEL TRABAJADOR,0,0,0,0,0,0,0,,0
31/03/2025,115-08-99-999-003-001,INGRESO PRESUPUESTARIO,C X C OTROS INGRESOS  CORRIENTES,OTROS,OTROS,BOLETA  DE GARANTIA SERVICIO ASEO RESIDUOS DOMICILIARIO,0,0,0,0,0,0,0,,0
31/03/2025,115-08-99-999-003-002,INGRESO PRESUPUESTARIO,C X C OTROS INGRESOS  CORRIENTES,OTROS,OTROS,BOLETA DE GARANTIA  SERVICIO DE ASEO FERIA LIBRE Y PERSA,0,0,0,0,0,0,0,,0
31/03/2025,115-08-99-999-003-003,INGRESO PRESUPUESTARIO,C X C OTROS INGRESOS  CORRIENTES,OTROS,OTROS,BOLETA DE GARANTIA  DE OBRAS DE URBANIZACIÓN,701672000,701672000,701672000,0,0,0,0,,0
31/03/2025,115-08-99-999-003-004,INGRESO PRESUPUESTARIO,C X C OTROS INGRESOS  CORRIENTES,OTROS,OTROS,BOLETA DE GARANTIA OTROS ,0,0,0,0,0,0,0,,0
31/03/2025,115-08-99-999-004-000,INGRESO PRESUPUESTARIO,C X C OTROS INGRESOS  CORRIENTES,OTROS,OTROS,AJUSTE  SENCILLOS,0,0,0,0,0,0,0,,0
31/03/2025,115-08-99-999-005-000,INGRESO PRESUPUESTARIO,C X C OTROS INGRESOS  CORRIENTES,OTROS,OTROS,COSTAS PROCESALES,0,0,0,0,0,0,0,,0
31/03/2025,115-10-01-000-000-000,INGRESO PRESUPUESTARIO,C X C  VENTA DE ACTIVOS NO FINANCIEROS,TERRENOS,TERRENOS,TERRENOS,0,0,0,0,0,0,0,,0
31/03/2025,115-10-02-000-000-000,INGRESO PRESUPUESTARIO,C X C  VENTA DE ACTIVOS NO FINANCIEROS,EDIFICIOS,EDIFICIOS,EDIFICIOS,0,0,0,0,0,0,0,,0
31/03/2025,115-10-03-000-000-000,INGRESO PRESUPUESTARIO,C X C  VENTA DE ACTIVOS NO FINANCIEROS,VEHICULOS,VEHICULOS,VEHICULOS,0,0,0,0,0,0,0,,0
31/03/2025,115-10-04-000-000-000,INGRESO PRESUPUESTARIO,C X C  VENTA DE ACTIVOS NO FINANCIEROS,MOBILIARIO Y OTROS,MOBILIARIO Y OTROS,MOBILIARIO Y OTROS,0,0,0,0,0,0,0,,0
31/03/2025,115-10-05-000-000-000,INGRESO PRESUPUESTARIO,C X C  VENTA DE ACTIVOS NO FINANCIEROS,MAQUINAS Y EQUIPOS,MAQUINAS Y EQUIPOS,MAQUINAS Y EQUIPOS,0,0,0,0,0,0,0,,0
31/03/2025,115-10-06-000-000-000,INGRESO PRESUPUESTARIO,C X C  VENTA DE ACTIVOS NO FINANCIEROS,EQUIPOS INFORMATICOS,EQUIPOS INFORMATICOS,EQUIPOS INFORMATICOS,0,0,0,0,0,0,0,,0
31/03/2025,115-10-07-000-000-000,INGRESO PRESUPUESTARIO,C X C  VENTA DE ACTIVOS NO FINANCIEROS,PROGRAMAS INFORMATICOS,PROGRAMAS INFORMATICOS,PROGRAMAS INFORMATICOS,0,0,0,0,0,0,0,,0
31/03/2025,115-10-99-001-000-000,INGRESO PRESUPUESTARIO,C X C  VENTA DE ACTIVOS NO FINANCIEROS,OTROS ACTIVOS NO FINANCIEROS,REMATE VEHIC.ABAND. EN LA VIA A PUB. Y APARCADERO,REMATE VEHIC.ABAND. EN LA VIA A PUB. Y APARCADERO              ,500000000,500000000,461845000,0,38155000,0,38155000,8.0,0
31/03/2025,115-10-99-002-000-000,INGRESO PRESUPUESTARIO,C X C  VENTA DE ACTIVOS NO FINANCIEROS,OTROS ACTIVOS NO FINANCIEROS,REMATES=OTROS,REMATES=OTROS,0,0,-8040000,0,8040000,0,8040000,,0
31/03/2025,115-11-01-001-000-000,INGRESO PRESUPUESTARIO,C X C  VENTA DE ACTIVOS FINANCIEROS,VENTA O RESCATE DE TITULOS Y VALORES,DEPOSITOS A PLAZO,DEPOSITOS A PLAZO,0,0,0,0,0,0,0,,0
31/03/2025,115-11-01-003-000-000,INGRESO PRESUPUESTARIO,C X C  VENTA DE ACTIVOS FINANCIEROS,VENTA O RESCATE DE TITULOS Y VALORES,CUOTAS DE FONDOS MUTUOS,CUOTAS DE FONDOS MUTUOS,0,0,0,0,0,0,0,,0
31/03/2025,115-11-01-999-000-000,INGRESO PRESUPUESTARIO,C X C  VENTA DE ACTIVOS FINANCIEROS,VENTA O RESCATE DE TITULOS Y VALORES,OTROS,OTROS,0,0,0,0,0,0,0,,0
31/03/2025,115-11-02-000-000-000,INGRESO PRESUPUESTARIO,C X C  VENTA DE ACTIVOS FINANCIEROS,VTA DE ACCIONES Y PARTICIPACIONES DE CAPITAL,VTA DE ACCIONES Y PARTICIPACIONES DE CAPITAL,VTA DE ACCIONES Y PARTICIPACIONES DE CAPITAL,0,0,0,0,0,0,0,,0
31/03/2025,115-11-99-000-000-000,INGRESO PRESUPUESTARIO,C X C  VENTA DE ACTIVOS FINANCIEROS,OTROS ACTIVOS FINANCIEROS,OTROS ACTIVOS FINANCIEROS,OTROS ACTIVOS FINANCIEROS,0,0,0,0,0,0,0,,0
31/03/2025,115-12-06-000-000-000,INGRESO PRESUPUESTARIO,C X C  RECUPERACION DE PRESTAMOS,POR ANTICIPOS A CONTRATISTAS,POR ANTICIPOS A CONTRATISTAS,POR ANTICIPOS A CONTRATISTAS,0,0,0,0,0,0,0,,0
31/03/2025,115-12-09-000-000-000,INGRESO PRESUPUESTARIO,C X C  RECUPERACION DE PRESTAMOS,POR VENTAS A PLAZO,POR VENTAS A PLAZO,POR VENTAS A PLAZO,0,0,0,0,0,0,0,,0
31/03/2025,115-12-10-001-001-000,INGRESO PRESUPUESTARIO,C X C  RECUPERACION DE PRESTAMOS,INGRESOS POR PERCIBIR,PERMISOS CIRCULACION 2DA CUOTA,PERM. CIRCULACION 2DA CUOTA 01                    ,0,0,0,0,0,0,0,,0
31/03/2025,115-12-10-001-002-000,INGRESO PRESUPUESTARIO,C X C  RECUPERACION DE PRESTAMOS,INGRESOS POR PERCIBIR,PERMISOS CIRCULACION 2DA CUOTA,PERMISOS CIRC. AÑOS ANT. 50%            ,0,0,0,0,0,0,0,,0
31/03/2025,115-12-10-001-003-000,INGRESO PRESUPUESTARIO,C X C  RECUPERACION DE PRESTAMOS,INGRESOS POR PERCIBIR,PERMISOS CIRCULACION 2DA CUOTA,P.C. 50% FONDO COMUN                    ,0,0,0,0,0,0,0,,0
31/03/2025,115-12-10-001-004-000,INGRESO PRESUPUESTARIO,C X C  RECUPERACION DE PRESTAMOS,INGRESOS POR PERCIBIR,PERMISOS CIRCULACION 2DA CUOTA,BENEFICIO MUNICIPAL                     ,500000000,500000000,95209446,0,404790554,124791216,305027462,61.0,99763092
31/03/2025,115-12-10-001-005-000,INGRESO PRESUPUESTARIO,C X C  RECUPERACION DE PRESTAMOS,INGRESOS POR PERCIBIR,PERMISOS CIRCULACION 2DA CUOTA,P.C. 62.5% FONDO COMUN                  ,700000000,700000000,25349212,0,674650788,207985276,508378886,73.0,166271902
31/03/2025,115-12-10-002-001-000,INGRESO PRESUPUESTARIO,C X C  RECUPERACION DE PRESTAMOS,INGRESOS POR PERCIBIR,PATENTES CIPA,PATENTES CIPA AÑOS ANTERIORES                     ,449000000,449000000,73268585,0,375731415,13034934,34015439,8.0,341715976
31/03/2025,115-12-10-002-002-000,INGRESO PRESUPUESTARIO,C X C  RECUPERACION DE PRESTAMOS,INGRESOS POR PERCIBIR,PATENTES CIPA,PATENTES AÑOS ANTERIORES                          ,0,0,0,0,0,0,0,,0
31/03/2025,115-12-10-002-003-000,INGRESO PRESUPUESTARIO,C X C  RECUPERACION DE PRESTAMOS,INGRESOS POR PERCIBIR,PATENTES CIPA,PATENTES AÑOS ANTERIORES                          ,0,0,0,0,0,0,0,,0
31/03/2025,115-12-10-002-004-000,INGRESO PRESUPUESTARIO,C X C  RECUPERACION DE PRESTAMOS,INGRESOS POR PERCIBIR,PATENTES CIPA,DERECHOS DE ASEO FERIAS AÑOS ANTERIORES,0,0,0,0,0,0,0,,0
31/03/2025,115-12-10-002-005-000,INGRESO PRESUPUESTARIO,C X C  RECUPERACION DE PRESTAMOS,INGRESOS POR PERCIBIR,PATENTES CIPA,CONVENIO AÑOS ANTERIORES                          ,20000000,20000000,471758,0,19528242,0,0,,19528242
31/03/2025,115-12-10-002-006-000,INGRESO PRESUPUESTARIO,C X C  RECUPERACION DE PRESTAMOS,INGRESOS POR PERCIBIR,PATENTES CIPA,MULTAS ART52 CIPA AÑOS ANTERIORES,150000000,150000000,5646963,0,144353037,0,0,,144353037
31/03/2025,115-12-10-002-007-000,INGRESO PRESUPUESTARIO,C X C  RECUPERACION DE PRESTAMOS,INGRESOS POR PERCIBIR,PATENTES CIPA,OTROS DERECHOS MUNICIPALES RENTAS,12000000,12000000,113522,0,11886478,0,0,,11886478
31/03/2025,115-12-10-002-008-000,INGRESO PRESUPUESTARIO,C X C  RECUPERACION DE PRESTAMOS,INGRESOS POR PERCIBIR,PATENTES CIPA,OTROS INGRESOS RENTAS,200000,200000,62828,0,137172,0,0,,137172
31/03/2025,115-12-10-002-009-000,INGRESO PRESUPUESTARIO,C X C  RECUPERACION DE PRESTAMOS,INGRESOS POR PERCIBIR,PATENTES CIPA,EVASORES SIN PATENTE (SII) AÑOS ANTERIORES,100000000,100000000,-1099705747,0,1199705747,0,0,,1199705747
31/03/2025,115-12-10-002-010-000,INGRESO PRESUPUESTARIO,C X C  RECUPERACION DE PRESTAMOS,INGRESOS POR PERCIBIR,PATENTES CIPA,DERECHOS DE ASEO PATENTES  ENROLADAS AÑOS ANTERIORES,53000000,53000000,-46683534,0,99683534,1334636,2377649,4.0,97305885
31/03/2025,115-12-10-002-011-000,INGRESO PRESUPUESTARIO,C X C  RECUPERACION DE PRESTAMOS,INGRESOS POR PERCIBIR,PATENTES CIPA,DERECHOS DE PUBLICIDAD ENROLADAS AÑOS ANTERIORES,300000000,300000000,-449448170,0,749448170,3455751,10367253,3.0,739080917
31/03/2025,115-12-10-002-012-000,INGRESO PRESUPUESTARIO,C X C  RECUPERACION DE PRESTAMOS,INGRESOS POR PERCIBIR,PATENTES CIPA,PERMISOS PROVISORIOS AÑOS ANTERIORES,246000000,246000000,-42850719,0,288850719,32333,80833,,288769886
31/03/2025,115-12-10-003-001-000,INGRESO PRESUPUESTARIO,C X C  RECUPERACION DE PRESTAMOS,INGRESOS POR PERCIBIR,CONVENIOS,SALDO CONV. PATTES CIPA AÑOS ANTERIORES           ,0,0,0,0,0,0,0,,0
31/03/2025,115-12-10-003-002-000,INGRESO PRESUPUESTARIO,C X C  RECUPERACION DE PRESTAMOS,INGRESOS POR PERCIBIR,CONVENIOS,SALDO CONV. PERM. EDIFIC. AÑOS ANTER.             ,490000,490000,410,0,489590,0,0,,489590
31/03/2025,115-12-10-003-004-000,INGRESO PRESUPUESTARIO,C X C  RECUPERACION DE PRESTAMOS,INGRESOS POR PERCIBIR,CONVENIOS,SALDO CONV. PERM. CIRC. AÑOS ANTER.               ,4558000,4558000,40982,0,4517018,0,0,,4517018
31/03/2025,115-12-10-003-005-000,INGRESO PRESUPUESTARIO,C X C  RECUPERACION DE PRESTAMOS,INGRESOS POR PERCIBIR,CONVENIOS,SERVICIO DE ASEO DOMICILIARIO AñOS ANTER,0,0,0,0,0,0,0,,0
31/03/2025,115-12-10-003-006-000,INGRESO PRESUPUESTARIO,C X C  RECUPERACION DE PRESTAMOS,INGRESOS POR PERCIBIR,CONVENIOS,B.N.U.P. ENROLADOS AñOS ANTERIORES  PUBLICIDAD   ,0,0,-51386878,0,51386878,327449,386762,,51000116
31/03/2025,115-12-10-003-007-000,INGRESO PRESUPUESTARIO,C X C  RECUPERACION DE PRESTAMOS,INGRESOS POR PERCIBIR,CONVENIOS,TRANSACCIONES JURIDICO AñOS ANTERIORES  ,0,0,-111881,0,111881,0,0,,111881
31/03/2025,115-12-10-003-008-000,INGRESO PRESUPUESTARIO,C X C  RECUPERACION DE PRESTAMOS,INGRESOS POR PERCIBIR,CONVENIOS,DERECHOS ASEO DOMIC. AñOS ANTERIORES    ,3446352000,3446352000,-4192545788,0,7638897788,42570590,129895194,4.0,7509002594
31/03/2025,115-12-10-003-009-000,INGRESO PRESUPUESTARIO,C X C  RECUPERACION DE PRESTAMOS,INGRESOS POR PERCIBIR,CONVENIOS,RECUPERACIONES ART. 12 LEY 18.196 y LEY 19.117 ART. UNICO,18400000,18400000,-426436574,0,444836574,12714234,92181455,501.0,352655119
31/03/2025,115-12-10-008-001-000,INGRESO PRESUPUESTARIO,C X C  RECUPERACION DE PRESTAMOS,INGRESOS POR PERCIBIR,Por Licencias Médicas,"Reembolsos Art. 4° Ley N° 19.345 y_x000D_
Ley N° 19.117 Art. Único",0,0,0,0,0,0,0,,0
31/03/2025,115-12-10-008-002-000,INGRESO PRESUPUESTARIO,C X C  RECUPERACION DE PRESTAMOS,INGRESOS POR PERCIBIR,Por Licencias Médicas,"Recuperaciones Art. 12 Ley_x000D_
N°18.196 y Ley N° 19.117 Art._x000D_
Único",0,0,0,0,0,0,0,,0
31/03/2025,115-12-10-999-000-000,INGRESO PRESUPUESTARIO,C X C  RECUPERACION DE PRESTAMOS,INGRESOS POR PERCIBIR,Otros_x000D_,Otros_x000D_,0,0,0,0,0,0,0,,0
31/03/2025,115-13-01-001-000-000,INGRESO PRESUPUESTARIO,C X C TRANFERENCIAS ´PARA GASTOS DE CAPITAL,DEL SECTOR PRIVADO,DE LA COMUNIDAD-PROG. PAVIMENTOS PARTICIPATIVOS,DE LA COMUNIDAD-PROG. PAVIMENTOS PARTICIPATIVOS,0,0,0,0,0,0,0,,0
31/03/2025,115-13-01-999-001-000,INGRESO PRESUPUESTARIO,C X C TRANFERENCIAS ´PARA GASTOS DE CAPITAL,DEL SECTOR PRIVADO,OTRAS,DONACION  BANCO DE CHILE,0,0,0,0,0,0,0,,0
31/03/2025,115-13-03-002-001-000,INGRESO PRESUPUESTARIO,C X C TRANFERENCIAS ´PARA GASTOS DE CAPITAL,DE OTRAS ENTIDADES PUBLICAS,DE LA SUBSECRETARIA DE DESARROLLO REGIONAL Y ADMINIS.,PROGRAMA MEJORAMIENTO URBANO Y EQUIP. COMUNAL,1900000000,1900000000,1857730900,42269100,42269100,42269100,42269100,2.0,0
31/03/2025,115-13-03-002-002-000,INGRESO PRESUPUESTARIO,C X C TRANFERENCIAS ´PARA GASTOS DE CAPITAL,DE OTRAS ENTIDADES PUBLICAS,DE LA SUBSECRETARIA DE DESARROLLO REGIONAL Y ADMINIS.,PROGRAMA MEJORAMIENTO DE BARRIOS,0,0,0,0,0,0,0,,0
31/03/2025,115-13-03-002-999-000,INGRESO PRESUPUESTARIO,C X C TRANFERENCIAS ´PARA GASTOS DE CAPITAL,DE OTRAS ENTIDADES PUBLICAS,DE LA SUBSECRETARIA DE DESARROLLO REGIONAL Y ADMINIS.,OTRAS TRANSFERENCIAS PARA GASTOS  DE CAPITAL DE LA SUDERE,0,0,0,0,0,0,0,,0
31/03/2025,115-13-03-004-002-000,INGRESO PRESUPUESTARIO,C X C TRANFERENCIAS ´PARA GASTOS DE CAPITAL,DE OTRAS ENTIDADES PUBLICAS,DE LA SUBSECRETARIA DE EDUCACION,OTROS APORTES,0,0,0,0,0,0,0,,0
31/03/2025,115-13-03-005-001-000,INGRESO PRESUPUESTARIO,C X C TRANFERENCIAS ´PARA GASTOS DE CAPITAL,DE OTRAS ENTIDADES PUBLICAS,DEL TESORO PUBLICO,PATENTES MINERAS LEY 19143,0,0,0,0,0,0,0,,0
31/03/2025,115-13-03-005-999-000,INGRESO PRESUPUESTARIO,C X C TRANFERENCIAS ´PARA GASTOS DE CAPITAL,DE OTRAS ENTIDADES PUBLICAS,DEL TESORO PUBLICO,OTRAS  TRANSFERENCIA  PARA GASTOS DE CAPITAL  DEL TESORO PUBLICO,0,0,0,0,0,0,0,,0
31/03/2025,115-13-03-006-001-000,INGRESO PRESUPUESTARIO,C X C TRANFERENCIAS ´PARA GASTOS DE CAPITAL,DE OTRAS ENTIDADES PUBLICAS,DE LA JUNTA NACIONAL DE JARDÍNES INFANTILES,"CONVENIO PARA CONSTRUCCIÓN, ADECUACIÓN Y HABILITACIÓN DE ESPACIOS DEPORTIVOS",0,0,0,0,0,0,0,,0
31/03/2025,115-13-03-099-000-000,INGRESO PRESUPUESTARIO,C X C TRANFERENCIAS ´PARA GASTOS DE CAPITAL,DE OTRAS ENTIDADES PUBLICAS,DE OTRAS ENTIDADES PUBLICAS,DE OTRAS ENTIDADES PUBLICAS,0,0,0,0,0,0,0,,0
31/03/2025,115-13-06-001-000-000,INGRESO PRESUPUESTARIO,C X C TRANFERENCIAS ´PARA GASTOS DE CAPITAL,DE GOBIERNOS  EXTRANJEROS,DONACIÓN DE GOBIERNO EXTRANJERO,DONACIÓN DE GOBIERNO EXTRANJERO,0,0,0,0,0,0,0,,0
31/03/2025,115-14-01-002-000-000,INGRESO PRESUPUESTARIO,ENDEUDAMIENTO,ENDEUDAMIENTO INTERNO,EMPRESTITOS,EMPRESTITOS,0,0,0,0,0,0,0,,0
31/03/2025,115-14-01-003-000-000,INGRESO PRESUPUESTARIO,ENDEUDAMIENTO,ENDEUDAMIENTO INTERNO,CREDITOS DE PROVEEDORES,CREDITOS DE PROVEEDORES,0,0,0,0,0,0,0,,0
31/03/2025,115-15-00-000-000-000,INGRESO PRESUPUESTARIO,SALDO INICIAL DE CAJA,SALDO INICIAL DE CAJA,SALDO INICIAL DE CAJA,SALDO INICIAL DE CAJA,100000000,170905111,0,0,170905111,0,170905111,100.0,0
